User_ID,Age,Gender,Platform,Daily_Usage_Time (minutes),Posts_Per_Day,Likes_Received_Per_Day,Comments_Received_Per_Day,Messages_Sent_Per_Day,Dominant_Emotion,Addicted
1,25,Female,Instagram,120.0,3.0,45.0,10.0,12.0,Happiness,0
2,30,Male,Twitter,90.0,5.0,20.0,25.0,30.0,Anger,0
3,22,Non-binary,Facebook,60.0,2.0,15.0,5.0,20.0,Neutral,0
4,28,Female,Instagram,200.0,8.0,100.0,30.0,50.0,Anxiety,1
5,33,Male,LinkedIn,45.0,1.0,5.0,2.0,10.0,Boredom,0
6,21,Male,Instagram,150.0,4.0,60.0,15.0,25.0,Happiness,1
7,27,Female,Twitter,85.0,3.0,30.0,10.0,18.0,Anger,0
8,24,Non-binary,Facebook,110.0,6.0,25.0,12.0,22.0,Sadness,0
9,29,Female,LinkedIn,55.0,2.0,10.0,3.0,8.0,Neutral,0
10,31,Male,Instagram,170.0,5.0,80.0,20.0,35.0,Happiness,1
11,23,Female,Twitter,75.0,4.0,35.0,7.0,20.0,Anxiety,0
12,26,Non-binary,Facebook,95.0,3.0,20.0,10.0,18.0,Sadness,0
13,34,Male,LinkedIn,65.0,1.0,12.0,4.0,15.0,Boredom,0
14,22,Female,Instagram,180.0,7.0,90.0,25.0,40.0,Happiness,1
15,28,Male,Twitter,100.0,6.0,40.0,23.0,28.0,Anger,0
16,21,Non-binary,Facebook,40.0,1.0,5.0,2.0,10.0,Neutral,0
17,35,Female,Instagram,125.0,4.0,55.0,18.0,30.0,Anxiety,1
18,27,Male,Twitter,90.0,3.0,33.0,15.0,25.0,Sadness,0
19,23,Non-binary,LinkedIn,50.0,1.0,8.0,3.0,12.0,Neutral,0
20,32,Female,Instagram,140.0,5.0,70.0,22.0,33.0,Happiness,1
21,26,Male,Facebook,75.0,2.0,25.0,10.0,18.0,Anxiety,0
22,24,Female,Twitter,105.0,4.0,28.0,14.0,20.0,Anger,0
23,29,Male,LinkedIn,60.0,2.0,11.0,5.0,17.0,Boredom,0
24,33,Non-binary,Instagram,190.0,8.0,95.0,26.0,45.0,Happiness,1
25,22,Female,Twitter,70.0,3.0,20.0,12.0,15.0,Sadness,0
26,31,Male,Facebook,80.0,2.0,18.0,8.0,21.0,Neutral,0
27,27,Non-binary,LinkedIn,55.0,1.0,9.0,2.0,11.0,Anxiety,0
28,25,Female,Instagram,160.0,6.0,85.0,19.0,32.0,Happiness,1
29,30,Male,Twitter,90.0,4.0,38.0,17.0,24.0,Anger,0
30,26,Non-binary,Facebook,45.0,1.0,6.0,3.0,10.0,Sadness,0
31,34,Female,LinkedIn,65.0,2.0,13.0,4.0,14.0,Boredom,0
32,28,Male,Instagram,145.0,5.0,75.0,20.0,35.0,Happiness,1
33,23,Non-binary,Twitter,70.0,3.0,27.0,11.0,18.0,Neutral,0
34,21,Female,Instagram,130.0,6.0,88.0,15.0,30.0,Sadness,1
35,29,Male,Facebook,65.0,2.0,22.0,8.0,20.0,Anxiety,0
36,24,Non-binary,LinkedIn,55.0,1.0,10.0,5.0,11.0,Boredom,0
37,33,Female,Instagram,170.0,7.0,90.0,25.0,40.0,Happiness,1
38,27,Male,Twitter,85.0,4.0,35.0,15.0,20.0,Anger,0
39,22,Female,Instagram,115.0,3.0,55.0,12.0,25.0,Neutral,0
40,28,Non-binary,Facebook,100.0,2.0,18.0,10.0,22.0,Anxiety,0
41,31,Male,LinkedIn,45.0,1.0,6.0,2.0,9.0,Sadness,0
42,25,Female,Instagram,150.0,6.0,80.0,18.0,30.0,Happiness,1
43,29,Male,Twitter,95.0,4.0,40.0,20.0,22.0,Anger,0
44,23,Non-binary,Facebook,105.0,2.0,20.0,8.0,18.0,Neutral,0
45,35,Female,LinkedIn,60.0,1.0,12.0,5.0,14.0,Boredom,0
46,30,Male,Instagram,175.0,7.0,85.0,23.0,38.0,Happiness,1
47,21,Female,Twitter,90.0,3.0,33.0,12.0,20.0,Sadness,0
48,26,Non-binary,Facebook,75.0,2.0,28.0,11.0,18.0,Anxiety,0
49,32,Male,Instagram,130.0,5.0,70.0,19.0,31.0,Neutral,1
50,28,Female,LinkedIn,55.0,1.0,8.0,4.0,10.0,Boredom,0
51,27,Male,Instagram,165.0,6.0,78.0,22.0,27.0,Happiness,1
52,24,Female,Twitter,75.0,3.0,29.0,15.0,19.0,Anger,0
53,29,Non-binary,Facebook,85.0,2.0,25.0,7.0,20.0,Neutral,0
54,33,Female,Instagram,145.0,4.0,60.0,18.0,35.0,Sadness,1
55,31,Male,LinkedIn,60.0,1.0,10.0,3.0,17.0,Anxiety,0
56,22,Female,Whatsapp,70.0,2.0,40.0,8.0,21.0,Anxiety,0
57,25,Male,Telegram,90.0,3.0,20.0,10.0,22.0,Boredom,0
58,29,Non-binary,Snapchat,50.0,2.0,15.0,5.0,18.0,Sadness,0
59,28,Female,Twitter,95.0,4.0,45.0,20.0,25.0,Happiness,0
60,27,Male,Facebook,60.0,1.0,10.0,4.0,15.0,Boredom,0
61,30,Female,Instagram,175.0,6.0,70.0,23.0,33.0,Happiness,1
62,23,Male,Whatsapp,70.0,3.0,20.0,8.0,18.0,Anger,0
63,34,Non-binary,Telegram,80.0,2.0,18.0,7.0,20.0,Neutral,0
64,26,Female,Snapchat,120.0,4.0,50.0,15.0,30.0,Anxiety,0
65,25,Male,Twitter,90.0,6.0,40.0,12.0,26.0,Sadness,0
66,29,Non-binary,Facebook,60.0,1.0,8.0,2.0,12.0,Boredom,0
67,28,Male,Instagram,165.0,5.0,75.0,18.0,35.0,Happiness,1
68,31,Female,Whatsapp,65.0,2.0,25.0,8.0,20.0,Neutral,0
69,27,Male,Telegram,105.0,3.0,45.0,15.0,28.0,Anxiety,0
70,22,Non-binary,Snapchat,75.0,2.0,18.0,6.0,20.0,Sadness,0
71,24,Female,Instagram,140.0,4.0,60.0,18.0,30.0,Happiness,1
72,35,Male,Twitter,70.0,1.0,12.0,7.0,10.0,Boredom,0
73,21,Non-binary,Facebook,55.0,3.0,15.0,5.0,12.0,Neutral,0
74,29,Female,Whatsapp,90.0,2.0,20.0,9.0,22.0,Anger,0
75,25,Male,Telegram,80.0,4.0,28.0,11.0,25.0,Neutral,0
76,28,Non-binary,Snapchat,115.0,3.0,36.0,12.0,27.0,Anxiety,0
77,32,Female,Instagram,155.0,6.0,72.0,20.0,38.0,Happiness,1
78,26,Male,Twitter,75.0,2.0,22.0,10.0,18.0,Sadness,0
79,33,Non-binary,Facebook,65.0,1.0,12.0,5.0,14.0,Anxiety,0
80,27,Female,Whatsapp,90.0,4.0,35.0,14.0,20.0,Neutral,0
81,31,Male,Telegram,50.0,2.0,18.0,6.0,12.0,Sadness,0
82,24,Non-binary,Snapchat,85.0,3.0,30.0,13.0,18.0,Happiness,0
83,34,Female,Instagram,120.0,5.0,55.0,19.0,25.0,Anger,0
84,22,Male,Twitter,70.0,1.0,20.0,5.0,22.0,Neutral,0
85,29,Non-binary,Facebook,75.0,2.0,18.0,8.0,20.0,Boredom,0
86,28,Female,Whatsapp,100.0,4.0,35.0,12.0,26.0,Anxiety,0
87,31,Male,Telegram,85.0,3.0,40.0,15.0,28.0,Sadness,0
88,21,Non-binary,Snapchat,60.0,1.0,15.0,5.0,12.0,Neutral,0
89,25,Female,Instagram,170.0,6.0,78.0,22.0,33.0,Happiness,1
90,30,Male,Twitter,70.0,2.0,28.0,10.0,20.0,Anxiety,0
91,27,Non-binary,Facebook,50.0,1.0,8.0,2.0,10.0,Boredom,0
92,32,Female,Whatsapp,105.0,4.0,50.0,18.0,25.0,Anger,0
93,24,Male,Telegram,75.0,3.0,33.0,13.0,22.0,Neutral,0
94,29,Female,Snapchat,95.0,2.0,20.0,7.0,28.0,Sadness,0
95,26,Male,Instagram,150.0,5.0,65.0,20.0,30.0,Anxiety,1
96,33,Non-binary,Twitter,85.0,4.0,30.0,13.0,18.0,Boredom,0
97,22,Female,Facebook,70.0,1.0,12.0,5.0,10.0,Neutral,0
98,35,Male,Whatsapp,110.0,3.0,45.0,20.0,25.0,Happiness,0
99,28,Non-binary,Telegram,60.0,2.0,15.0,6.0,18.0,Anger,0
100,27,Female,Snapchat,120.0,4.0,38.0,13.0,22.0,Neutral,0
101,25,Female,Instagram,120.0,5.0,50.0,20.0,25.0,Happiness,0
102,30,Male,Twitter,90.0,4.0,30.0,20.0,22.0,Anger,0
103,22,Non-binary,Facebook,60.0,2.0,20.0,10.0,15.0,Neutral,0
104,28,Female,Instagram,200.0,8.0,110.0,40.0,45.0,Anxiety,1
105,33,Male,LinkedIn,45.0,1.0,10.0,5.0,12.0,Boredom,0
106,21,Male,Instagram,150.0,5.0,65.0,25.0,30.0,Happiness,1
107,27,Female,Twitter,85.0,3.0,40.0,18.0,20.0,Anger,0
108,24,Non-binary,Facebook,110.0,6.0,35.0,16.0,25.0,Sadness,0
109,29,Female,LinkedIn,55.0,2.0,15.0,5.0,10.0,Neutral,0
110,31,Male,Instagram,170.0,7.0,90.0,35.0,40.0,Happiness,1
111,23,Female,Twitter,75.0,4.0,45.0,20.0,25.0,Anxiety,0
112,26,Non-binary,Facebook,95.0,3.0,30.0,14.0,18.0,Sadness,0
113,34,Male,LinkedIn,65.0,1.0,14.0,6.0,15.0,Boredom,0
114,22,Female,Instagram,180.0,8.0,100.0,38.0,45.0,Happiness,1
115,28,Male,Twitter,100.0,6.0,50.0,30.0,29.0,Anger,0
116,21,Non-binary,Facebook,40.0,1.0,10.0,4.0,12.0,Neutral,0
117,35,Female,Instagram,125.0,5.0,65.0,22.0,28.0,Anxiety,1
118,27,Male,Twitter,90.0,3.0,40.0,16.0,24.0,Sadness,0
119,23,Non-binary,LinkedIn,50.0,1.0,12.0,6.0,12.0,Neutral,0
120,32,Female,Instagram,140.0,6.0,75.0,28.0,30.0,Happiness,1
121,26,Male,Facebook,75.0,2.0,30.0,14.0,20.0,Anxiety,0
122,24,Female,Twitter,105.0,4.0,35.0,20.0,23.0,Anger,0
123,29,Male,LinkedIn,60.0,2.0,17.0,8.0,15.0,Boredom,0
124,33,Non-binary,Instagram,190.0,8.0,105.0,36.0,50.0,Happiness,1
125,22,Female,Twitter,70.0,3.0,25.0,16.0,15.0,Sadness,0
126,31,Male,Facebook,80.0,2.0,20.0,10.0,20.0,Neutral,0
127,27,Non-binary,LinkedIn,55.0,1.0,12.0,5.0,11.0,Anxiety,0
128,25,Female,Instagram,160.0,6.0,85.0,26.0,30.0,Happiness,1
129,30,Male,Twitter,90.0,4.0,43.0,19.0,24.0,Anger,0
130,26,Non-binary,Facebook,45.0,1.0,8.0,4.0,12.0,Sadness,0
131,34,Female,LinkedIn,65.0,2.0,17.0,5.0,14.0,Boredom,0
132,28,Male,Instagram,145.0,7.0,80.0,30.0,35.0,Happiness,1
133,23,Non-binary,Twitter,70.0,3.0,30.0,14.0,18.0,Neutral,0
134,21,Female,Instagram,130.0,6.0,95.0,22.0,28.0,Sadness,1
135,29,Male,Facebook,65.0,2.0,27.0,11.0,22.0,Anxiety,0
136,24,Non-binary,LinkedIn,55.0,1.0,11.0,6.0,11.0,Boredom,0
137,33,Female,Instagram,170.0,7.0,95.0,30.0,38.0,Happiness,1
138,27,Male,Twitter,85.0,4.0,45.0,18.0,24.0,Anger,0
139,22,Female,Instagram,115.0,3.0,60.0,17.0,30.0,Neutral,0
140,28,Non-binary,Facebook,100.0,2.0,22.0,12.0,25.0,Anxiety,0
141,31,Male,LinkedIn,45.0,1.0,9.0,4.0,10.0,Sadness,0
142,25,Female,Instagram,150.0,6.0,90.0,26.0,30.0,Happiness,1
143,29,Male,Twitter,95.0,4.0,50.0,22.0,22.0,Anger,0
144,23,Non-binary,Facebook,105.0,2.0,25.0,12.0,18.0,Neutral,0
145,35,Female,LinkedIn,60.0,1.0,15.0,7.0,14.0,Boredom,0
146,30,Male,Instagram,175.0,7.0,100.0,33.0,38.0,Happiness,1
147,21,Female,Twitter,90.0,3.0,37.0,14.0,20.0,Sadness,0
148,26,Non-binary,Facebook,75.0,2.0,30.0,12.0,18.0,Anxiety,0
149,32,Male,Instagram,130.0,5.0,80.0,28.0,31.0,Neutral,1
150,28,Female,LinkedIn,55.0,1.0,12.0,6.0,10.0,Boredom,0
151,27,Male,Instagram,165.0,6.0,85.0,30.0,28.0,Happiness,1
152,24,Female,Twitter,75.0,3.0,33.0,18.0,19.0,Anger,0
153,29,Non-binary,Facebook,85.0,2.0,27.0,9.0,20.0,Neutral,0
154,33,Female,Instagram,145.0,4.0,65.0,23.0,35.0,Sadness,1
155,31,Male,LinkedIn,60.0,1.0,15.0,7.0,17.0,Anxiety,0
156,22,Female,Whatsapp,70.0,2.0,42.0,10.0,21.0,Anxiety,0
157,25,Male,Telegram,90.0,3.0,22.0,11.0,22.0,Boredom,0
158,29,Non-binary,Snapchat,50.0,2.0,18.0,7.0,18.0,Sadness,0
159,28,Female,Twitter,95.0,4.0,48.0,22.0,25.0,Happiness,0
160,27,Male,Facebook,60.0,1.0,12.0,5.0,15.0,Boredom,0
161,30,Female,Instagram,175.0,6.0,72.0,30.0,33.0,Happiness,1
162,23,Male,Whatsapp,70.0,3.0,22.0,10.0,18.0,Anger,0
163,34,Non-binary,Telegram,80.0,2.0,21.0,8.0,20.0,Neutral,0
164,26,Female,Snapchat,120.0,4.0,55.0,18.0,30.0,Anxiety,0
165,25,Male,Twitter,90.0,6.0,42.0,14.0,26.0,Sadness,0
166,29,Non-binary,Facebook,60.0,1.0,12.0,4.0,12.0,Boredom,0
167,28,Male,Instagram,165.0,5.0,78.0,23.0,35.0,Happiness,1
168,31,Female,Whatsapp,65.0,2.0,27.0,10.0,20.0,Neutral,0
169,27,Male,Telegram,105.0,3.0,48.0,20.0,28.0,Anxiety,0
170,22,Non-binary,Snapchat,75.0,2.0,21.0,8.0,20.0,Sadness,0
171,24,Female,Instagram,140.0,4.0,65.0,22.0,30.0,Happiness,1
172,35,Male,Twitter,70.0,1.0,13.0,8.0,10.0,Boredom,0
173,21,Non-binary,Facebook,55.0,3.0,17.0,7.0,12.0,Neutral,0
174,29,Female,Whatsapp,90.0,2.0,24.0,12.0,22.0,Anger,0
175,25,Male,Telegram,80.0,4.0,30.0,13.0,25.0,Neutral,0
176,28,Non-binary,Snapchat,115.0,3.0,38.0,18.0,27.0,Anxiety,0
177,32,Female,Instagram,155.0,6.0,75.0,25.0,38.0,Happiness,1
178,26,Male,Twitter,75.0,2.0,23.0,12.0,18.0,Sadness,0
179,33,Non-binary,Facebook,65.0,1.0,13.0,7.0,14.0,Anxiety,0
180,27,Female,Whatsapp,90.0,4.0,37.0,18.0,20.0,Neutral,0
181,31,Male,Telegram,50.0,2.0,20.0,10.0,12.0,Sadness,0
182,24,Non-binary,Snapchat,85.0,3.0,33.0,20.0,18.0,Happiness,0
183,34,Female,Instagram,120.0,5.0,60.0,25.0,25.0,Anger,0
184,22,Male,Twitter,70.0,1.0,22.0,7.0,22.0,Neutral,0
185,29,Non-binary,Facebook,75.0,2.0,20.0,8.0,20.0,Boredom,0
186,28,Female,Whatsapp,100.0,4.0,37.0,14.0,26.0,Anxiety,0
187,31,Male,Telegram,85.0,3.0,45.0,20.0,28.0,Sadness,0
188,21,Non-binary,Snapchat,60.0,1.0,18.0,7.0,12.0,Neutral,0
189,25,Female,Instagram,170.0,6.0,83.0,30.0,33.0,Happiness,1
190,30,Male,Twitter,70.0,2.0,30.0,12.0,20.0,Anxiety,0
191,27,Non-binary,Facebook,50.0,1.0,10.0,4.0,10.0,Boredom,0
192,32,Female,Whatsapp,105.0,4.0,55.0,25.0,25.0,Anger,0
193,24,Male,Telegram,75.0,3.0,37.0,16.0,22.0,Neutral,0
194,29,Female,Snapchat,95.0,2.0,23.0,10.0,28.0,Sadness,0
195,26,Male,Instagram,150.0,5.0,70.0,25.0,30.0,Anxiety,1
196,33,Non-binary,Twitter,85.0,4.0,35.0,18.0,18.0,Boredom,0
197,22,Female,Facebook,70.0,1.0,14.0,6.0,10.0,Neutral,0
198,35,Male,Whatsapp,110.0,3.0,50.0,25.0,25.0,Happiness,0
199,28,Non-binary,Telegram,60.0,2.0,18.0,8.0,18.0,Anger,0
200,27,Female,Snapchat,120.0,4.0,40.0,18.0,22.0,Neutral,0
201,25,Female,Instagram,120.0,5.0,50.0,20.0,25.0,Happiness,0
202,30,Male,Twitter,90.0,4.0,30.0,20.0,22.0,Anger,0
203,22,Non-binary,Facebook,60.0,2.0,20.0,10.0,15.0,Neutral,0
204,28,Female,Instagram,200.0,8.0,110.0,40.0,45.0,Anxiety,1
205,33,Male,LinkedIn,45.0,1.0,10.0,5.0,12.0,Boredom,0
206,21,Male,Instagram,150.0,5.0,65.0,25.0,30.0,Happiness,1
207,27,Female,Twitter,85.0,3.0,40.0,18.0,20.0,Anger,0
208,24,Non-binary,Facebook,110.0,6.0,35.0,16.0,25.0,Sadness,0
209,29,Female,LinkedIn,55.0,2.0,15.0,5.0,10.0,Neutral,0
210,31,Male,Instagram,170.0,7.0,90.0,35.0,40.0,Happiness,1
211,23,Female,Twitter,75.0,4.0,45.0,20.0,25.0,Anxiety,0
212,26,Non-binary,Facebook,95.0,3.0,30.0,14.0,18.0,Sadness,0
213,34,Male,LinkedIn,65.0,1.0,14.0,6.0,15.0,Boredom,0
214,22,Female,Instagram,180.0,8.0,100.0,38.0,45.0,Happiness,1
215,28,Male,Twitter,100.0,6.0,50.0,30.0,29.0,Anger,0
216,21,Non-binary,Facebook,40.0,1.0,10.0,4.0,12.0,Neutral,0
217,35,Female,Instagram,125.0,5.0,65.0,22.0,28.0,Anxiety,1
218,27,Male,Twitter,90.0,3.0,40.0,16.0,24.0,Sadness,0
219,23,Non-binary,LinkedIn,50.0,1.0,12.0,6.0,12.0,Neutral,0
220,32,Female,Instagram,140.0,6.0,75.0,28.0,30.0,Happiness,1
221,26,Male,Facebook,75.0,2.0,30.0,14.0,20.0,Anxiety,0
222,24,Female,Twitter,105.0,4.0,35.0,20.0,23.0,Anger,0
223,29,Male,LinkedIn,60.0,2.0,17.0,8.0,15.0,Boredom,0
224,33,Non-binary,Instagram,190.0,8.0,105.0,36.0,50.0,Happiness,1
225,22,Female,Twitter,70.0,3.0,25.0,16.0,15.0,Sadness,0
226,31,Male,Facebook,80.0,2.0,20.0,10.0,20.0,Neutral,0
227,27,Non-binary,LinkedIn,55.0,1.0,12.0,5.0,11.0,Anxiety,0
228,25,Female,Instagram,160.0,6.0,85.0,26.0,30.0,Happiness,1
229,30,Male,Twitter,90.0,4.0,43.0,19.0,24.0,Anger,0
230,26,Non-binary,Facebook,45.0,1.0,8.0,4.0,12.0,Sadness,0
231,34,Female,LinkedIn,65.0,2.0,17.0,5.0,14.0,Boredom,0
232,28,Male,Instagram,145.0,7.0,80.0,30.0,35.0,Happiness,1
233,23,Non-binary,Twitter,70.0,3.0,30.0,14.0,18.0,Neutral,0
234,21,Female,Instagram,130.0,6.0,95.0,22.0,28.0,Sadness,1
235,29,Male,Facebook,65.0,2.0,27.0,11.0,22.0,Anxiety,0
236,24,Non-binary,LinkedIn,55.0,1.0,11.0,6.0,11.0,Boredom,0
237,33,Female,Instagram,170.0,7.0,95.0,30.0,38.0,Happiness,1
238,27,Male,Twitter,85.0,4.0,45.0,18.0,24.0,Anger,0
239,22,Female,Instagram,115.0,3.0,60.0,17.0,30.0,Neutral,0
240,28,Non-binary,Facebook,100.0,2.0,22.0,12.0,25.0,Anxiety,0
241,31,Male,LinkedIn,45.0,1.0,9.0,4.0,10.0,Sadness,0
242,25,Female,Instagram,150.0,6.0,90.0,26.0,30.0,Happiness,1
243,29,Male,Twitter,95.0,4.0,50.0,22.0,22.0,Anger,0
244,23,Non-binary,Facebook,105.0,2.0,25.0,12.0,18.0,Neutral,0
245,35,Female,LinkedIn,60.0,1.0,15.0,7.0,14.0,Boredom,0
246,30,Male,Instagram,175.0,7.0,100.0,33.0,38.0,Happiness,1
247,21,Female,Twitter,90.0,3.0,37.0,14.0,20.0,Sadness,0
248,26,Non-binary,Facebook,75.0,2.0,30.0,12.0,18.0,Anxiety,0
249,32,Male,Instagram,130.0,5.0,80.0,28.0,31.0,Neutral,1
250,28,Female,LinkedIn,55.0,1.0,12.0,6.0,10.0,Boredom,0
251,27,Male,Instagram,165.0,6.0,85.0,30.0,28.0,Happiness,1
252,24,Female,Twitter,75.0,3.0,33.0,18.0,19.0,Anger,0
253,29,Non-binary,Facebook,85.0,2.0,27.0,9.0,20.0,Neutral,0
254,33,Female,Instagram,145.0,4.0,65.0,23.0,35.0,Sadness,1
255,31,Male,LinkedIn,60.0,1.0,15.0,7.0,17.0,Anxiety,0
256,22,Female,Whatsapp,70.0,2.0,42.0,10.0,21.0,Anxiety,0
257,25,Male,Telegram,90.0,3.0,22.0,11.0,22.0,Boredom,0
258,29,Non-binary,Snapchat,50.0,2.0,18.0,7.0,18.0,Sadness,0
259,28,Female,Twitter,95.0,4.0,48.0,22.0,25.0,Happiness,0
260,27,Male,Facebook,60.0,1.0,12.0,5.0,15.0,Boredom,0
261,30,Female,Instagram,175.0,6.0,72.0,30.0,33.0,Happiness,1
262,23,Male,Whatsapp,70.0,3.0,22.0,10.0,18.0,Anger,0
263,34,Non-binary,Telegram,80.0,2.0,21.0,8.0,20.0,Neutral,0
264,26,Female,Snapchat,120.0,4.0,55.0,18.0,30.0,Anxiety,0
265,25,Male,Twitter,90.0,6.0,42.0,14.0,26.0,Sadness,0
266,29,Non-binary,Facebook,60.0,1.0,12.0,4.0,12.0,Boredom,0
267,28,Male,Instagram,165.0,5.0,78.0,23.0,35.0,Happiness,1
268,31,Female,Whatsapp,65.0,2.0,27.0,10.0,20.0,Neutral,0
269,27,Male,Telegram,105.0,3.0,48.0,20.0,28.0,Anxiety,0
270,22,Non-binary,Snapchat,75.0,2.0,21.0,8.0,20.0,Sadness,0
271,24,Female,Instagram,140.0,4.0,65.0,22.0,30.0,Happiness,1
272,35,Male,Twitter,70.0,1.0,13.0,8.0,10.0,Boredom,0
273,21,Non-binary,Facebook,55.0,3.0,17.0,7.0,12.0,Neutral,0
274,29,Female,Whatsapp,90.0,2.0,24.0,12.0,22.0,Anger,0
275,25,Male,Telegram,80.0,4.0,30.0,13.0,25.0,Neutral,0
276,28,Non-binary,Snapchat,115.0,3.0,38.0,18.0,27.0,Anxiety,0
277,32,Female,Instagram,155.0,6.0,75.0,25.0,38.0,Happiness,1
278,26,Male,Twitter,75.0,2.0,23.0,12.0,18.0,Sadness,0
279,33,Non-binary,Facebook,65.0,1.0,13.0,7.0,14.0,Anxiety,0
280,27,Female,Whatsapp,90.0,4.0,37.0,18.0,20.0,Neutral,0
281,31,Male,Telegram,50.0,2.0,20.0,10.0,12.0,Sadness,0
282,24,Non-binary,Snapchat,85.0,3.0,33.0,20.0,18.0,Happiness,0
283,34,Female,Instagram,120.0,5.0,60.0,25.0,25.0,Anger,0
284,22,Male,Twitter,70.0,1.0,22.0,7.0,22.0,Neutral,0
285,29,Non-binary,Facebook,75.0,2.0,20.0,8.0,20.0,Boredom,0
286,28,Female,Whatsapp,100.0,4.0,37.0,14.0,26.0,Anxiety,0
287,31,Male,Telegram,85.0,3.0,45.0,20.0,28.0,Sadness,0
288,21,Non-binary,Snapchat,60.0,1.0,18.0,7.0,12.0,Neutral,0
289,25,Female,Instagram,170.0,6.0,83.0,30.0,33.0,Happiness,1
290,30,Male,Twitter,70.0,2.0,30.0,12.0,20.0,Anxiety,0
291,27,Non-binary,Facebook,50.0,1.0,10.0,4.0,10.0,Boredom,0
292,32,Female,Whatsapp,105.0,4.0,55.0,25.0,25.0,Anger,0
293,24,Male,Telegram,75.0,3.0,37.0,16.0,22.0,Neutral,0
294,29,Female,Snapchat,95.0,2.0,23.0,10.0,28.0,Sadness,0
295,26,Male,Instagram,150.0,5.0,70.0,25.0,30.0,Anxiety,1
296,33,Non-binary,Twitter,85.0,4.0,35.0,18.0,18.0,Boredom,0
297,22,Female,Facebook,70.0,1.0,14.0,6.0,10.0,Neutral,0
298,35,Male,Whatsapp,110.0,3.0,50.0,25.0,25.0,Happiness,0
299,28,Non-binary,Telegram,60.0,2.0,18.0,8.0,18.0,Anger,0
300,27,Female,Snapchat,120.0,4.0,40.0,18.0,22.0,Neutral,0
301,25,Female,Instagram,120.0,5.0,50.0,20.0,25.0,Happiness,0
302,30,Male,Twitter,90.0,4.0,30.0,20.0,22.0,Anger,0
303,22,Non-binary,Facebook,60.0,2.0,20.0,10.0,15.0,Neutral,0
304,28,Female,Instagram,200.0,8.0,110.0,40.0,45.0,Anxiety,1
305,33,Male,LinkedIn,45.0,1.0,10.0,5.0,12.0,Boredom,0
306,21,Male,Instagram,150.0,5.0,65.0,25.0,30.0,Happiness,1
307,27,Female,Twitter,85.0,3.0,40.0,18.0,20.0,Anger,0
308,24,Non-binary,Facebook,110.0,6.0,35.0,16.0,25.0,Sadness,0
309,29,Female,LinkedIn,55.0,2.0,15.0,5.0,10.0,Neutral,0
310,31,Male,Instagram,170.0,7.0,90.0,35.0,40.0,Happiness,1
311,23,Female,Twitter,75.0,4.0,45.0,20.0,25.0,Anxiety,0
312,26,Non-binary,Facebook,95.0,3.0,30.0,14.0,18.0,Sadness,0
313,34,Male,LinkedIn,65.0,1.0,14.0,6.0,15.0,Boredom,0
314,22,Female,Instagram,180.0,8.0,100.0,38.0,45.0,Happiness,1
315,28,Male,Twitter,100.0,6.0,50.0,30.0,29.0,Anger,0
316,21,Non-binary,Facebook,40.0,1.0,10.0,4.0,12.0,Neutral,0
317,35,Female,Instagram,125.0,5.0,65.0,22.0,28.0,Anxiety,1
318,27,Male,Twitter,90.0,3.0,40.0,16.0,24.0,Sadness,0
319,23,Non-binary,LinkedIn,50.0,1.0,12.0,6.0,12.0,Neutral,0
320,32,Female,Instagram,140.0,6.0,75.0,28.0,30.0,Happiness,1
321,26,Male,Facebook,75.0,2.0,30.0,14.0,20.0,Anxiety,0
322,24,Female,Twitter,105.0,4.0,35.0,20.0,23.0,Anger,0
323,29,Male,LinkedIn,60.0,2.0,17.0,8.0,15.0,Boredom,0
324,33,Non-binary,Instagram,190.0,8.0,105.0,36.0,50.0,Happiness,1
325,22,Female,Twitter,70.0,3.0,25.0,16.0,15.0,Sadness,0
326,31,Male,Facebook,80.0,2.0,20.0,10.0,20.0,Neutral,0
327,27,Non-binary,LinkedIn,55.0,1.0,12.0,5.0,11.0,Anxiety,0
328,25,Female,Instagram,160.0,6.0,85.0,26.0,30.0,Happiness,1
329,30,Male,Twitter,90.0,4.0,43.0,19.0,24.0,Anger,0
330,26,Non-binary,Facebook,45.0,1.0,8.0,4.0,12.0,Sadness,0
331,34,Female,LinkedIn,65.0,2.0,17.0,5.0,14.0,Boredom,0
332,28,Male,Instagram,145.0,7.0,80.0,30.0,35.0,Happiness,1
333,23,Non-binary,Twitter,70.0,3.0,30.0,14.0,18.0,Neutral,0
334,21,Female,Instagram,130.0,6.0,95.0,22.0,28.0,Sadness,1
335,29,Male,Facebook,65.0,2.0,27.0,11.0,22.0,Anxiety,0
336,24,Non-binary,LinkedIn,55.0,1.0,11.0,6.0,11.0,Boredom,0
337,33,Female,Instagram,170.0,7.0,95.0,30.0,38.0,Happiness,1
338,27,Male,Twitter,85.0,4.0,45.0,18.0,24.0,Anger,0
339,22,Female,Instagram,115.0,3.0,60.0,17.0,30.0,Neutral,0
340,28,Non-binary,Facebook,100.0,2.0,22.0,12.0,25.0,Anxiety,0
341,31,Male,LinkedIn,45.0,1.0,9.0,4.0,10.0,Sadness,0
342,25,Female,Instagram,150.0,6.0,90.0,26.0,30.0,Happiness,1
343,29,Male,Twitter,95.0,4.0,50.0,22.0,22.0,Anger,0
344,23,Non-binary,Facebook,105.0,2.0,25.0,12.0,18.0,Neutral,0
345,35,Female,LinkedIn,60.0,1.0,15.0,7.0,14.0,Boredom,0
346,30,Male,Instagram,175.0,7.0,100.0,33.0,38.0,Happiness,1
347,21,Female,Twitter,90.0,3.0,37.0,14.0,20.0,Sadness,0
348,26,Non-binary,Facebook,75.0,2.0,30.0,12.0,18.0,Anxiety,0
349,32,Male,Instagram,130.0,5.0,80.0,28.0,31.0,Neutral,1
350,28,Female,LinkedIn,55.0,1.0,12.0,6.0,10.0,Boredom,0
351,27,Male,Instagram,165.0,6.0,85.0,30.0,28.0,Happiness,1
352,24,Female,Twitter,75.0,3.0,33.0,18.0,19.0,Anger,0
353,29,Non-binary,Facebook,85.0,2.0,27.0,9.0,20.0,Neutral,0
354,33,Female,Instagram,145.0,4.0,65.0,23.0,35.0,Sadness,1
355,31,Male,LinkedIn,60.0,1.0,15.0,7.0,17.0,Anxiety,0
356,22,Female,Whatsapp,70.0,2.0,42.0,10.0,21.0,Anxiety,0
357,25,Male,Telegram,90.0,3.0,22.0,11.0,22.0,Boredom,0
358,29,Non-binary,Snapchat,50.0,2.0,18.0,7.0,18.0,Sadness,0
359,28,Female,Twitter,95.0,4.0,48.0,22.0,25.0,Happiness,0
360,27,Male,Facebook,60.0,1.0,12.0,5.0,15.0,Boredom,0
361,30,Female,Instagram,175.0,6.0,72.0,30.0,33.0,Happiness,1
362,23,Male,Whatsapp,70.0,3.0,22.0,10.0,18.0,Anger,0
363,34,Non-binary,Telegram,80.0,2.0,21.0,8.0,20.0,Neutral,0
364,26,Female,Snapchat,120.0,4.0,55.0,18.0,30.0,Anxiety,0
365,25,Male,Twitter,90.0,6.0,42.0,14.0,26.0,Sadness,0
366,29,Non-binary,Facebook,60.0,1.0,12.0,4.0,12.0,Boredom,0
367,28,Male,Instagram,165.0,5.0,78.0,23.0,35.0,Happiness,1
368,31,Female,Whatsapp,65.0,2.0,27.0,10.0,20.0,Neutral,0
369,27,Male,Telegram,105.0,3.0,48.0,20.0,28.0,Anxiety,0
370,22,Non-binary,Snapchat,75.0,2.0,21.0,8.0,20.0,Sadness,0
371,24,Female,Instagram,140.0,4.0,65.0,22.0,30.0,Happiness,1
372,35,Male,Twitter,70.0,1.0,13.0,8.0,10.0,Boredom,0
373,21,Non-binary,Facebook,55.0,3.0,17.0,7.0,12.0,Neutral,0
374,29,Female,Whatsapp,90.0,2.0,24.0,12.0,22.0,Anger,0
375,25,Male,Telegram,80.0,4.0,30.0,13.0,25.0,Neutral,0
376,28,Non-binary,Snapchat,115.0,3.0,38.0,18.0,27.0,Anxiety,0
377,32,Female,Instagram,155.0,6.0,75.0,25.0,38.0,Happiness,1
378,26,Male,Twitter,75.0,2.0,23.0,12.0,18.0,Sadness,0
379,33,Non-binary,Facebook,65.0,1.0,13.0,7.0,14.0,Anxiety,0
380,27,Female,Whatsapp,90.0,4.0,37.0,18.0,20.0,Neutral,0
381,31,Male,Telegram,50.0,2.0,20.0,10.0,12.0,Sadness,0
382,24,Non-binary,Snapchat,85.0,3.0,33.0,20.0,18.0,Happiness,0
383,34,Female,Instagram,120.0,5.0,60.0,25.0,25.0,Anger,0
384,22,Male,Twitter,70.0,1.0,22.0,7.0,22.0,Neutral,0
385,29,Non-binary,Facebook,75.0,2.0,20.0,8.0,20.0,Boredom,0
386,28,Female,Whatsapp,100.0,4.0,37.0,14.0,26.0,Anxiety,0
387,31,Male,Telegram,85.0,3.0,45.0,20.0,28.0,Sadness,0
388,21,Non-binary,Snapchat,60.0,1.0,18.0,7.0,12.0,Neutral,0
389,25,Female,Instagram,170.0,6.0,83.0,30.0,33.0,Happiness,1
390,30,Male,Twitter,70.0,2.0,30.0,12.0,20.0,Anxiety,0
391,27,Non-binary,Facebook,50.0,1.0,10.0,4.0,10.0,Boredom,0
392,32,Female,Whatsapp,105.0,4.0,55.0,25.0,25.0,Anger,0
393,24,Male,Telegram,75.0,3.0,37.0,16.0,22.0,Neutral,0
394,29,Female,Snapchat,95.0,2.0,23.0,10.0,28.0,Sadness,0
395,26,Male,Instagram,150.0,5.0,70.0,25.0,30.0,Anxiety,1
396,33,Non-binary,Twitter,85.0,4.0,35.0,18.0,18.0,Boredom,0
397,22,Female,Facebook,70.0,1.0,14.0,6.0,10.0,Neutral,0
398,35,Male,Whatsapp,110.0,3.0,50.0,25.0,25.0,Happiness,0
399,28,Non-binary,Telegram,60.0,2.0,18.0,8.0,18.0,Anger,0
400,27,Female,Snapchat,120.0,4.0,40.0,18.0,22.0,Neutral,0
401,25,Female,Instagram,120.0,5.0,50.0,20.0,25.0,Happiness,0
402,30,Male,Twitter,90.0,4.0,30.0,20.0,22.0,Anger,0
403,22,Non-binary,Facebook,60.0,2.0,20.0,10.0,15.0,Neutral,0
404,28,Female,Instagram,200.0,8.0,110.0,40.0,45.0,Anxiety,1
405,33,Male,LinkedIn,45.0,1.0,10.0,5.0,12.0,Boredom,0
406,21,Male,Instagram,150.0,5.0,65.0,25.0,30.0,Happiness,1
407,27,Female,Twitter,85.0,3.0,40.0,18.0,20.0,Anger,0
408,24,Non-binary,Facebook,110.0,6.0,35.0,16.0,25.0,Sadness,0
409,29,Female,LinkedIn,55.0,2.0,15.0,5.0,10.0,Neutral,0
410,31,Male,Instagram,170.0,7.0,90.0,35.0,40.0,Happiness,1
411,23,Female,Twitter,75.0,4.0,45.0,20.0,25.0,Anxiety,0
412,26,Non-binary,Facebook,95.0,3.0,30.0,14.0,18.0,Sadness,0
413,34,Male,LinkedIn,65.0,1.0,14.0,6.0,15.0,Boredom,0
414,22,Female,Instagram,180.0,8.0,100.0,38.0,45.0,Happiness,1
415,28,Male,Twitter,100.0,6.0,50.0,30.0,29.0,Anger,0
416,21,Non-binary,Facebook,40.0,1.0,10.0,4.0,12.0,Neutral,0
417,35,Female,Instagram,125.0,5.0,65.0,22.0,28.0,Anxiety,1
418,27,Male,Twitter,90.0,3.0,40.0,16.0,24.0,Sadness,0
419,23,Non-binary,LinkedIn,50.0,1.0,12.0,6.0,12.0,Neutral,0
420,32,Female,Instagram,140.0,6.0,75.0,28.0,30.0,Happiness,1
421,26,Male,Facebook,75.0,2.0,30.0,14.0,20.0,Anxiety,0
422,24,Female,Twitter,105.0,4.0,35.0,20.0,23.0,Anger,0
423,29,Male,LinkedIn,60.0,2.0,17.0,8.0,15.0,Boredom,0
424,33,Non-binary,Instagram,190.0,8.0,105.0,36.0,50.0,Happiness,1
425,22,Female,Twitter,70.0,3.0,25.0,16.0,15.0,Sadness,0
426,31,Male,Facebook,80.0,2.0,20.0,10.0,20.0,Neutral,0
427,27,Non-binary,LinkedIn,55.0,1.0,12.0,5.0,11.0,Anxiety,0
428,25,Female,Instagram,160.0,6.0,85.0,26.0,30.0,Happiness,1
429,30,Male,Twitter,90.0,4.0,43.0,19.0,24.0,Anger,0
430,26,Non-binary,Facebook,45.0,1.0,8.0,4.0,12.0,Sadness,0
431,34,Female,LinkedIn,65.0,2.0,17.0,5.0,14.0,Boredom,0
432,28,Male,Instagram,145.0,7.0,80.0,30.0,35.0,Happiness,1
433,23,Non-binary,Twitter,70.0,3.0,30.0,14.0,18.0,Neutral,0
434,21,Female,Instagram,130.0,6.0,95.0,22.0,28.0,Sadness,1
435,29,Male,Facebook,65.0,2.0,27.0,11.0,22.0,Anxiety,0
436,24,Non-binary,LinkedIn,55.0,1.0,11.0,6.0,11.0,Boredom,0
437,33,Female,Instagram,170.0,7.0,95.0,30.0,38.0,Happiness,1
438,27,Male,Twitter,85.0,4.0,45.0,18.0,24.0,Anger,0
439,22,Female,Instagram,115.0,3.0,60.0,17.0,30.0,Neutral,0
440,28,Non-binary,Facebook,100.0,2.0,22.0,12.0,25.0,Anxiety,0
441,31,Male,LinkedIn,45.0,1.0,9.0,4.0,10.0,Sadness,0
442,25,Female,Instagram,150.0,6.0,90.0,26.0,30.0,Happiness,1
443,29,Male,Twitter,95.0,4.0,50.0,22.0,22.0,Anger,0
444,23,Non-binary,Facebook,105.0,2.0,25.0,12.0,18.0,Neutral,0
445,35,Female,LinkedIn,60.0,1.0,15.0,7.0,14.0,Boredom,0
446,30,Male,Instagram,175.0,7.0,100.0,33.0,38.0,Happiness,1
447,21,Female,Twitter,90.0,3.0,37.0,14.0,20.0,Sadness,0
448,26,Non-binary,Facebook,75.0,2.0,30.0,12.0,18.0,Anxiety,0
449,32,Male,Instagram,130.0,5.0,80.0,28.0,31.0,Neutral,1
450,28,Female,LinkedIn,55.0,1.0,12.0,6.0,10.0,Boredom,0
451,27,Male,Instagram,165.0,6.0,85.0,30.0,28.0,Happiness,1
452,24,Female,Twitter,75.0,3.0,33.0,18.0,19.0,Anger,0
453,29,Non-binary,Facebook,85.0,2.0,27.0,9.0,20.0,Neutral,0
454,33,Female,Instagram,145.0,4.0,65.0,23.0,35.0,Sadness,1
455,31,Male,LinkedIn,60.0,1.0,15.0,7.0,17.0,Anxiety,0
456,22,Female,Whatsapp,70.0,2.0,42.0,10.0,21.0,Anxiety,0
457,25,Male,Telegram,90.0,3.0,22.0,11.0,22.0,Boredom,0
458,29,Non-binary,Snapchat,50.0,2.0,18.0,7.0,18.0,Sadness,0
459,28,Female,Twitter,95.0,4.0,48.0,22.0,25.0,Happiness,0
460,27,Male,Facebook,60.0,1.0,12.0,5.0,15.0,Boredom,0
461,30,Female,Instagram,175.0,6.0,72.0,30.0,33.0,Happiness,1
462,23,Male,Whatsapp,70.0,3.0,22.0,10.0,18.0,Anger,0
463,34,Non-binary,Telegram,80.0,2.0,21.0,8.0,20.0,Neutral,0
464,26,Female,Snapchat,120.0,4.0,55.0,18.0,30.0,Anxiety,0
465,25,Male,Twitter,90.0,6.0,42.0,14.0,26.0,Sadness,0
466,29,Non-binary,Facebook,60.0,1.0,12.0,4.0,12.0,Boredom,0
467,28,Male,Instagram,165.0,5.0,78.0,23.0,35.0,Happiness,1
468,31,Female,Whatsapp,65.0,2.0,27.0,10.0,20.0,Neutral,0
469,27,Male,Telegram,105.0,3.0,48.0,20.0,28.0,Anxiety,0
470,22,Non-binary,Snapchat,75.0,2.0,21.0,8.0,20.0,Sadness,0
471,24,Female,Instagram,140.0,4.0,65.0,22.0,30.0,Happiness,1
472,35,Male,Twitter,70.0,1.0,13.0,8.0,10.0,Boredom,0
473,21,Non-binary,Facebook,55.0,3.0,17.0,7.0,12.0,Neutral,0
474,29,Female,Whatsapp,90.0,2.0,24.0,12.0,22.0,Anger,0
475,25,Male,Telegram,80.0,4.0,30.0,13.0,25.0,Neutral,0
476,28,Non-binary,Snapchat,115.0,3.0,38.0,18.0,27.0,Anxiety,0
477,32,Female,Instagram,155.0,6.0,75.0,25.0,38.0,Happiness,1
478,26,Male,Twitter,75.0,2.0,23.0,12.0,18.0,Sadness,0
479,33,Non-binary,Facebook,65.0,1.0,13.0,7.0,14.0,Anxiety,0
480,27,Female,Whatsapp,90.0,4.0,37.0,18.0,20.0,Neutral,0
481,31,Male,Telegram,50.0,2.0,20.0,10.0,12.0,Sadness,0
482,24,Non-binary,Snapchat,85.0,3.0,33.0,20.0,18.0,Happiness,0
483,34,Female,Instagram,120.0,5.0,60.0,25.0,25.0,Anger,0
484,22,Male,Twitter,70.0,1.0,22.0,7.0,22.0,Neutral,0
485,29,Non-binary,Facebook,75.0,2.0,20.0,8.0,20.0,Boredom,0
486,28,Female,Whatsapp,100.0,4.0,37.0,14.0,26.0,Anxiety,0
487,31,Male,Telegram,85.0,3.0,45.0,20.0,28.0,Sadness,0
488,21,Non-binary,Snapchat,60.0,1.0,18.0,7.0,12.0,Neutral,0
489,25,Female,Instagram,170.0,6.0,83.0,30.0,33.0,Happiness,1
490,30,Male,Twitter,70.0,2.0,30.0,12.0,20.0,Anxiety,0
491,27,Non-binary,Facebook,50.0,1.0,10.0,4.0,10.0,Boredom,0
492,32,Female,Whatsapp,105.0,4.0,55.0,25.0,25.0,Anger,0
493,24,Male,Telegram,75.0,3.0,37.0,16.0,22.0,Neutral,0
494,29,Female,Snapchat,95.0,2.0,23.0,10.0,28.0,Sadness,0
495,26,Male,Instagram,150.0,5.0,70.0,25.0,30.0,Anxiety,1
496,33,Non-binary,Twitter,85.0,4.0,35.0,18.0,18.0,Boredom,0
497,22,Female,Facebook,70.0,1.0,14.0,6.0,10.0,Neutral,0
498,35,Male,Whatsapp,110.0,3.0,50.0,25.0,25.0,Happiness,0
499,28,Non-binary,Telegram,60.0,2.0,18.0,8.0,18.0,Anger,0
500,27,Female,Snapchat,120.0,4.0,40.0,18.0,22.0,Neutral,0
501,25,Female,Instagram,120.0,5.0,50.0,20.0,25.0,Happiness,0
502,30,Male,Twitter,90.0,4.0,30.0,20.0,22.0,Anger,0
503,22,Non-binary,Facebook,60.0,2.0,20.0,10.0,15.0,Neutral,0
504,28,Female,Instagram,200.0,8.0,110.0,40.0,45.0,Anxiety,1
505,33,Male,LinkedIn,45.0,1.0,10.0,5.0,12.0,Boredom,0
506,21,Male,Instagram,150.0,5.0,65.0,25.0,30.0,Happiness,1
507,27,Female,Twitter,85.0,3.0,40.0,18.0,20.0,Anger,0
508,24,Non-binary,Facebook,110.0,6.0,35.0,16.0,25.0,Sadness,0
509,29,Female,LinkedIn,55.0,2.0,15.0,5.0,10.0,Neutral,0
510,31,Male,Instagram,170.0,7.0,90.0,35.0,40.0,Happiness,1
511,23,Female,Twitter,75.0,4.0,45.0,20.0,25.0,Anxiety,0
512,26,Non-binary,Facebook,95.0,3.0,30.0,14.0,18.0,Sadness,0
513,34,Male,LinkedIn,65.0,1.0,14.0,6.0,15.0,Boredom,0
514,22,Female,Instagram,180.0,8.0,100.0,38.0,45.0,Happiness,1
515,28,Male,Twitter,100.0,6.0,50.0,30.0,29.0,Anger,0
516,21,Non-binary,Facebook,40.0,1.0,10.0,4.0,12.0,Neutral,0
517,35,Female,Instagram,125.0,5.0,65.0,22.0,28.0,Anxiety,1
518,27,Male,Twitter,90.0,3.0,40.0,16.0,24.0,Sadness,0
519,23,Non-binary,LinkedIn,50.0,1.0,12.0,6.0,12.0,Neutral,0
520,32,Female,Instagram,140.0,6.0,75.0,28.0,30.0,Happiness,1
521,26,Male,Facebook,75.0,2.0,30.0,14.0,20.0,Anxiety,0
522,24,Female,Twitter,105.0,4.0,35.0,20.0,23.0,Anger,0
523,29,Male,LinkedIn,60.0,2.0,17.0,8.0,15.0,Boredom,0
524,33,Non-binary,Instagram,190.0,8.0,105.0,36.0,50.0,Happiness,1
525,22,Female,Twitter,70.0,3.0,25.0,16.0,15.0,Sadness,0
526,31,Male,Facebook,80.0,2.0,20.0,10.0,20.0,Neutral,0
527,27,Non-binary,LinkedIn,55.0,1.0,12.0,5.0,11.0,Anxiety,0
528,25,Female,Instagram,160.0,6.0,85.0,26.0,30.0,Happiness,1
529,30,Male,Twitter,90.0,4.0,43.0,19.0,24.0,Anger,0
530,26,Non-binary,Facebook,45.0,1.0,8.0,4.0,12.0,Sadness,0
531,34,Female,LinkedIn,65.0,2.0,17.0,5.0,14.0,Boredom,0
532,28,Male,Instagram,145.0,7.0,80.0,30.0,35.0,Happiness,1
533,23,Non-binary,Twitter,70.0,3.0,30.0,14.0,18.0,Neutral,0
534,21,Female,Instagram,130.0,6.0,95.0,22.0,28.0,Sadness,1
535,29,Male,Facebook,65.0,2.0,27.0,11.0,22.0,Anxiety,0
536,24,Non-binary,LinkedIn,55.0,1.0,11.0,6.0,11.0,Boredom,0
537,33,Female,Instagram,170.0,7.0,95.0,30.0,38.0,Happiness,1
538,27,Male,Twitter,85.0,4.0,45.0,18.0,24.0,Anger,0
539,22,Female,Instagram,115.0,3.0,60.0,17.0,30.0,Neutral,0
540,28,Non-binary,Facebook,100.0,2.0,22.0,12.0,25.0,Anxiety,0
541,31,Male,LinkedIn,45.0,1.0,9.0,4.0,10.0,Sadness,0
542,25,Female,Instagram,150.0,6.0,90.0,26.0,30.0,Happiness,1
543,29,Male,Twitter,95.0,4.0,50.0,22.0,22.0,Anger,0
544,23,Non-binary,Facebook,105.0,2.0,25.0,12.0,18.0,Neutral,0
545,35,Female,LinkedIn,60.0,1.0,15.0,7.0,14.0,Boredom,0
546,30,Male,Instagram,175.0,7.0,100.0,33.0,38.0,Happiness,1
547,21,Female,Twitter,90.0,3.0,37.0,14.0,20.0,Sadness,0
548,26,Non-binary,Facebook,75.0,2.0,30.0,12.0,18.0,Anxiety,0
549,32,Male,Instagram,130.0,5.0,80.0,28.0,31.0,Neutral,1
550,28,Female,LinkedIn,55.0,1.0,12.0,6.0,10.0,Boredom,0
551,27,Male,Instagram,165.0,6.0,85.0,30.0,28.0,Happiness,1
552,24,Female,Twitter,75.0,3.0,33.0,18.0,19.0,Anger,0
553,29,Non-binary,Facebook,85.0,2.0,27.0,9.0,20.0,Neutral,0
554,33,Female,Instagram,145.0,4.0,65.0,23.0,35.0,Sadness,1
555,31,Male,LinkedIn,60.0,1.0,15.0,7.0,17.0,Anxiety,0
556,22,Female,Whatsapp,70.0,2.0,42.0,10.0,21.0,Anxiety,0
557,25,Male,Telegram,90.0,3.0,22.0,11.0,22.0,Boredom,0
558,29,Non-binary,Snapchat,50.0,2.0,18.0,7.0,18.0,Sadness,0
559,28,Female,Twitter,95.0,4.0,48.0,22.0,25.0,Happiness,0
560,27,Male,Facebook,60.0,1.0,12.0,5.0,15.0,Boredom,0
561,30,Female,Instagram,175.0,6.0,72.0,30.0,33.0,Happiness,1
562,23,Male,Whatsapp,70.0,3.0,22.0,10.0,18.0,Anger,0
563,34,Non-binary,Telegram,80.0,2.0,21.0,8.0,20.0,Neutral,0
564,26,Female,Snapchat,120.0,4.0,55.0,18.0,30.0,Anxiety,0
565,25,Male,Twitter,90.0,6.0,42.0,14.0,26.0,Sadness,0
566,29,Non-binary,Facebook,60.0,1.0,12.0,4.0,12.0,Boredom,0
567,28,Male,Instagram,165.0,5.0,78.0,23.0,35.0,Happiness,1
568,31,Female,Whatsapp,65.0,2.0,27.0,10.0,20.0,Neutral,0
569,27,Male,Telegram,105.0,3.0,48.0,20.0,28.0,Anxiety,0
570,22,Non-binary,Snapchat,75.0,2.0,21.0,8.0,20.0,Sadness,0
571,24,Female,Instagram,140.0,4.0,65.0,22.0,30.0,Happiness,1
572,35,Male,Twitter,70.0,1.0,13.0,8.0,10.0,Boredom,0
573,21,Non-binary,Facebook,55.0,3.0,17.0,7.0,12.0,Neutral,0
574,29,Female,Whatsapp,90.0,2.0,24.0,12.0,22.0,Anger,0
575,25,Male,Telegram,80.0,4.0,30.0,13.0,25.0,Neutral,0
576,28,Non-binary,Snapchat,115.0,3.0,38.0,18.0,27.0,Anxiety,0
577,32,Female,Instagram,155.0,6.0,75.0,25.0,38.0,Happiness,1
578,26,Male,Twitter,75.0,2.0,23.0,12.0,18.0,Sadness,0
579,33,Non-binary,Facebook,65.0,1.0,13.0,7.0,14.0,Anxiety,0
580,27,Female,Whatsapp,90.0,4.0,37.0,18.0,20.0,Neutral,0
581,31,Male,Telegram,50.0,2.0,20.0,10.0,12.0,Sadness,0
582,24,Non-binary,Snapchat,85.0,3.0,33.0,20.0,18.0,Happiness,0
583,34,Female,Instagram,120.0,5.0,60.0,25.0,25.0,Anger,0
584,22,Male,Twitter,70.0,1.0,22.0,7.0,22.0,Neutral,0
585,29,Non-binary,Facebook,75.0,2.0,20.0,8.0,20.0,Boredom,0
586,28,Female,Whatsapp,100.0,4.0,37.0,14.0,26.0,Anxiety,0
587,31,Male,Telegram,85.0,3.0,45.0,20.0,28.0,Sadness,0
588,21,Non-binary,Snapchat,60.0,1.0,18.0,7.0,12.0,Neutral,0
589,25,Female,Instagram,170.0,6.0,83.0,30.0,33.0,Happiness,1
590,30,Male,Twitter,70.0,2.0,30.0,12.0,20.0,Anxiety,0
591,27,Non-binary,Facebook,50.0,1.0,10.0,4.0,10.0,Boredom,0
592,32,Female,Whatsapp,105.0,4.0,55.0,25.0,25.0,Anger,0
593,24,Male,Telegram,75.0,3.0,37.0,16.0,22.0,Neutral,0
594,29,Female,Snapchat,95.0,2.0,23.0,10.0,28.0,Sadness,0
595,26,Male,Instagram,150.0,5.0,70.0,25.0,30.0,Anxiety,1
596,33,Non-binary,Twitter,85.0,4.0,35.0,18.0,18.0,Boredom,0
597,22,Female,Facebook,70.0,1.0,14.0,6.0,10.0,Neutral,0
598,35,Male,Whatsapp,110.0,3.0,50.0,25.0,25.0,Happiness,0
599,28,Non-binary,Telegram,60.0,2.0,18.0,8.0,18.0,Anger,0
600,27,Female,Snapchat,120.0,4.0,40.0,18.0,22.0,Neutral,0
601,25,Female,Instagram,120.0,5.0,50.0,20.0,25.0,Happiness,0
602,30,Male,Twitter,90.0,4.0,30.0,20.0,22.0,Anger,0
603,22,Non-binary,Facebook,60.0,2.0,20.0,10.0,15.0,Neutral,0
604,28,Female,Instagram,200.0,8.0,110.0,40.0,45.0,Anxiety,1
605,33,Male,LinkedIn,45.0,1.0,10.0,5.0,12.0,Boredom,0
606,21,Male,Instagram,150.0,5.0,65.0,25.0,30.0,Happiness,1
607,27,Female,Twitter,85.0,3.0,40.0,18.0,20.0,Anger,0
608,24,Non-binary,Facebook,110.0,6.0,35.0,16.0,25.0,Sadness,0
609,29,Female,LinkedIn,55.0,2.0,15.0,5.0,10.0,Neutral,0
610,31,Male,Instagram,170.0,7.0,90.0,35.0,40.0,Happiness,1
611,23,Female,Twitter,75.0,4.0,45.0,20.0,25.0,Anxiety,0
612,26,Non-binary,Facebook,95.0,3.0,30.0,14.0,18.0,Sadness,0
613,34,Male,LinkedIn,65.0,1.0,14.0,6.0,15.0,Boredom,0
614,22,Female,Instagram,180.0,8.0,100.0,38.0,45.0,Happiness,1
615,28,Male,Twitter,100.0,6.0,50.0,30.0,29.0,Anger,0
616,21,Non-binary,Facebook,40.0,1.0,10.0,4.0,12.0,Neutral,0
617,35,Female,Instagram,125.0,5.0,65.0,22.0,28.0,Anxiety,1
618,27,Male,Twitter,90.0,3.0,40.0,16.0,24.0,Sadness,0
619,23,Non-binary,LinkedIn,50.0,1.0,12.0,6.0,12.0,Neutral,0
620,32,Female,Instagram,140.0,6.0,75.0,28.0,30.0,Happiness,1
621,26,Male,Facebook,75.0,2.0,30.0,14.0,20.0,Anxiety,0
622,24,Female,Twitter,105.0,4.0,35.0,20.0,23.0,Anger,0
623,29,Male,LinkedIn,60.0,2.0,17.0,8.0,15.0,Boredom,0
624,33,Non-binary,Instagram,190.0,8.0,105.0,36.0,50.0,Happiness,1
625,22,Female,Twitter,70.0,3.0,25.0,16.0,15.0,Sadness,0
626,31,Male,Facebook,80.0,2.0,20.0,10.0,20.0,Neutral,0
627,27,Non-binary,LinkedIn,55.0,1.0,12.0,5.0,11.0,Anxiety,0
628,25,Female,Instagram,160.0,6.0,85.0,26.0,30.0,Happiness,1
629,30,Male,Twitter,90.0,4.0,43.0,19.0,24.0,Anger,0
630,26,Non-binary,Facebook,45.0,1.0,8.0,4.0,12.0,Sadness,0
631,34,Female,LinkedIn,65.0,2.0,17.0,5.0,14.0,Boredom,0
632,28,Male,Instagram,145.0,7.0,80.0,30.0,35.0,Happiness,1
633,23,Non-binary,Twitter,70.0,3.0,30.0,14.0,18.0,Neutral,0
634,21,Female,Instagram,130.0,6.0,95.0,22.0,28.0,Sadness,1
635,29,Male,Facebook,65.0,2.0,27.0,11.0,22.0,Anxiety,0
636,24,Non-binary,LinkedIn,55.0,1.0,11.0,6.0,11.0,Boredom,0
637,33,Female,Instagram,170.0,7.0,95.0,30.0,38.0,Happiness,1
638,27,Male,Twitter,85.0,4.0,45.0,18.0,24.0,Anger,0
639,22,Female,Instagram,115.0,3.0,60.0,17.0,30.0,Neutral,0
640,28,Non-binary,Facebook,100.0,2.0,22.0,12.0,25.0,Anxiety,0
641,31,Male,LinkedIn,45.0,1.0,9.0,4.0,10.0,Sadness,0
642,25,Female,Instagram,150.0,6.0,90.0,26.0,30.0,Happiness,1
643,29,Male,Twitter,95.0,4.0,50.0,22.0,22.0,Anger,0
644,23,Non-binary,Facebook,105.0,2.0,25.0,12.0,18.0,Neutral,0
645,35,Female,LinkedIn,60.0,1.0,15.0,7.0,14.0,Boredom,0
646,30,Male,Instagram,175.0,7.0,100.0,33.0,38.0,Happiness,1
647,21,Female,Twitter,90.0,3.0,37.0,14.0,20.0,Sadness,0
648,26,Non-binary,Facebook,75.0,2.0,30.0,12.0,18.0,Anxiety,0
649,32,Male,Instagram,130.0,5.0,80.0,28.0,31.0,Neutral,1
650,28,Female,LinkedIn,55.0,1.0,12.0,6.0,10.0,Boredom,0
651,27,Male,Instagram,165.0,6.0,85.0,30.0,28.0,Happiness,1
652,24,Female,Twitter,75.0,3.0,33.0,18.0,19.0,Anger,0
653,29,Non-binary,Facebook,85.0,2.0,27.0,9.0,20.0,Neutral,0
654,33,Female,Instagram,145.0,4.0,65.0,23.0,35.0,Sadness,1
655,31,Male,LinkedIn,60.0,1.0,15.0,7.0,17.0,Anxiety,0
656,22,Female,Whatsapp,70.0,2.0,42.0,10.0,21.0,Anxiety,0
657,25,Male,Telegram,90.0,3.0,22.0,11.0,22.0,Boredom,0
658,29,Non-binary,Snapchat,50.0,2.0,18.0,7.0,18.0,Sadness,0
659,28,Female,Twitter,95.0,4.0,48.0,22.0,25.0,Happiness,0
660,27,Male,Facebook,60.0,1.0,12.0,5.0,15.0,Boredom,0
661,30,Female,Instagram,175.0,6.0,72.0,30.0,33.0,Happiness,1
662,23,Male,Whatsapp,70.0,3.0,22.0,10.0,18.0,Anger,0
663,34,Non-binary,Telegram,80.0,2.0,21.0,8.0,20.0,Neutral,0
664,26,Female,Snapchat,120.0,4.0,55.0,18.0,30.0,Anxiety,0
665,25,Male,Twitter,90.0,6.0,42.0,14.0,26.0,Sadness,0
666,29,Non-binary,Facebook,60.0,1.0,12.0,4.0,12.0,Boredom,0
667,28,Male,Instagram,165.0,5.0,78.0,23.0,35.0,Happiness,1
668,31,Female,Whatsapp,65.0,2.0,27.0,10.0,20.0,Neutral,0
669,27,Male,Telegram,105.0,3.0,48.0,20.0,28.0,Anxiety,0
670,22,Non-binary,Snapchat,75.0,2.0,21.0,8.0,20.0,Sadness,0
671,24,Female,Instagram,140.0,4.0,65.0,22.0,30.0,Happiness,1
672,35,Male,Twitter,70.0,1.0,13.0,8.0,10.0,Boredom,0
673,21,Non-binary,Facebook,55.0,3.0,17.0,7.0,12.0,Neutral,0
674,29,Female,Whatsapp,90.0,2.0,24.0,12.0,22.0,Anger,0
675,25,Male,Telegram,80.0,4.0,30.0,13.0,25.0,Neutral,0
676,28,Non-binary,Snapchat,115.0,3.0,38.0,18.0,27.0,Anxiety,0
677,32,Female,Instagram,155.0,6.0,75.0,25.0,38.0,Happiness,1
678,26,Male,Twitter,75.0,2.0,23.0,12.0,18.0,Sadness,0
679,33,Non-binary,Facebook,65.0,1.0,13.0,7.0,14.0,Anxiety,0
680,27,Female,Whatsapp,90.0,4.0,37.0,18.0,20.0,Neutral,0
681,31,Male,Telegram,50.0,2.0,20.0,10.0,12.0,Sadness,0
682,24,Non-binary,Snapchat,85.0,3.0,33.0,20.0,18.0,Happiness,0
683,34,Female,Instagram,120.0,5.0,60.0,25.0,25.0,Anger,0
684,22,Male,Twitter,70.0,1.0,22.0,7.0,22.0,Neutral,0
685,29,Non-binary,Facebook,75.0,2.0,20.0,8.0,20.0,Boredom,0
686,28,Female,Whatsapp,100.0,4.0,37.0,14.0,26.0,Anxiety,0
687,31,Male,Telegram,85.0,3.0,45.0,20.0,28.0,Sadness,0
688,21,Non-binary,Snapchat,60.0,1.0,18.0,7.0,12.0,Neutral,0
689,25,Female,Instagram,170.0,6.0,83.0,30.0,33.0,Happiness,1
690,30,Male,Twitter,70.0,2.0,30.0,12.0,20.0,Anxiety,0
691,27,Non-binary,Facebook,50.0,1.0,10.0,4.0,10.0,Boredom,0
692,32,Female,Whatsapp,105.0,4.0,55.0,25.0,25.0,Anger,0
693,24,Male,Telegram,75.0,3.0,37.0,16.0,22.0,Neutral,0
694,29,Female,Snapchat,95.0,2.0,23.0,10.0,28.0,Sadness,0
695,26,Male,Instagram,150.0,5.0,70.0,25.0,30.0,Anxiety,1
696,33,Non-binary,Twitter,85.0,4.0,35.0,18.0,18.0,Boredom,0
697,22,Female,Facebook,70.0,1.0,14.0,6.0,10.0,Neutral,0
698,35,Male,Whatsapp,110.0,3.0,50.0,25.0,25.0,Happiness,0
699,28,Non-binary,Telegram,60.0,2.0,18.0,8.0,18.0,Anger,0
700,27,Female,Snapchat,120.0,4.0,40.0,18.0,22.0,Neutral,0
701,25,Female,Instagram,120.0,5.0,50.0,20.0,25.0,Happiness,0
702,30,Male,Twitter,90.0,4.0,30.0,20.0,22.0,Anger,0
703,22,Non-binary,Facebook,60.0,2.0,20.0,10.0,15.0,Neutral,0
704,28,Female,Instagram,200.0,8.0,110.0,40.0,45.0,Anxiety,1
705,33,Male,LinkedIn,45.0,1.0,10.0,5.0,12.0,Boredom,0
706,21,Male,Instagram,150.0,5.0,65.0,25.0,30.0,Happiness,1
707,27,Female,Twitter,85.0,3.0,40.0,18.0,20.0,Anger,0
708,24,Non-binary,Facebook,110.0,6.0,35.0,16.0,25.0,Sadness,0
709,29,Female,LinkedIn,55.0,2.0,15.0,5.0,10.0,Neutral,0
710,31,Male,Instagram,170.0,7.0,90.0,35.0,40.0,Happiness,1
711,23,Female,Twitter,75.0,4.0,45.0,20.0,25.0,Anxiety,0
712,26,Non-binary,Facebook,95.0,3.0,30.0,14.0,18.0,Sadness,0
713,34,Male,LinkedIn,65.0,1.0,14.0,6.0,15.0,Boredom,0
714,22,Female,Instagram,180.0,8.0,100.0,38.0,45.0,Happiness,1
715,28,Male,Twitter,100.0,6.0,50.0,30.0,29.0,Anger,0
716,21,Non-binary,Facebook,40.0,1.0,10.0,4.0,12.0,Neutral,0
717,35,Female,Instagram,125.0,5.0,65.0,22.0,28.0,Anxiety,1
718,27,Male,Twitter,90.0,3.0,40.0,16.0,24.0,Sadness,0
719,23,Non-binary,LinkedIn,50.0,1.0,12.0,6.0,12.0,Neutral,0
720,32,Female,Instagram,140.0,6.0,75.0,28.0,30.0,Happiness,1
721,26,Male,Facebook,75.0,2.0,30.0,14.0,20.0,Anxiety,0
722,24,Female,Twitter,105.0,4.0,35.0,20.0,23.0,Anger,0
723,29,Male,LinkedIn,60.0,2.0,17.0,8.0,15.0,Boredom,0
724,33,Non-binary,Instagram,190.0,8.0,105.0,36.0,50.0,Happiness,1
725,22,Female,Twitter,70.0,3.0,25.0,16.0,15.0,Sadness,0
726,31,Male,Facebook,80.0,2.0,20.0,10.0,20.0,Neutral,0
727,27,Non-binary,LinkedIn,55.0,1.0,12.0,5.0,11.0,Anxiety,0
728,25,Female,Instagram,160.0,6.0,85.0,26.0,30.0,Happiness,1
729,30,Male,Twitter,90.0,4.0,43.0,19.0,24.0,Anger,0
730,26,Non-binary,Facebook,45.0,1.0,8.0,4.0,12.0,Sadness,0
731,34,Female,LinkedIn,65.0,2.0,17.0,5.0,14.0,Boredom,0
732,28,Male,Instagram,145.0,7.0,80.0,30.0,35.0,Happiness,1
733,23,Non-binary,Twitter,70.0,3.0,30.0,14.0,18.0,Neutral,0
734,21,Female,Instagram,130.0,6.0,95.0,22.0,28.0,Sadness,1
735,29,Male,Facebook,65.0,2.0,27.0,11.0,22.0,Anxiety,0
736,24,Non-binary,LinkedIn,55.0,1.0,11.0,6.0,11.0,Boredom,0
737,33,Female,Instagram,170.0,7.0,95.0,30.0,38.0,Happiness,1
738,27,Male,Twitter,85.0,4.0,45.0,18.0,24.0,Anger,0
739,22,Female,Instagram,115.0,3.0,60.0,17.0,30.0,Neutral,0
740,28,Non-binary,Facebook,100.0,2.0,22.0,12.0,25.0,Anxiety,0
741,31,Male,LinkedIn,45.0,1.0,9.0,4.0,10.0,Sadness,0
742,25,Female,Instagram,150.0,6.0,90.0,26.0,30.0,Happiness,1
743,29,Male,Twitter,95.0,4.0,50.0,22.0,22.0,Anger,0
744,23,Non-binary,Facebook,105.0,2.0,25.0,12.0,18.0,Neutral,0
745,35,Female,LinkedIn,60.0,1.0,15.0,7.0,14.0,Boredom,0
746,30,Male,Instagram,175.0,7.0,100.0,33.0,38.0,Happiness,1
747,21,Female,Twitter,90.0,3.0,37.0,14.0,20.0,Sadness,0
748,26,Non-binary,Facebook,75.0,2.0,30.0,12.0,18.0,Anxiety,0
749,32,Male,Instagram,130.0,5.0,80.0,28.0,31.0,Neutral,1
750,28,Female,LinkedIn,55.0,1.0,12.0,6.0,10.0,Boredom,0
751,27,Male,Instagram,165.0,6.0,85.0,30.0,28.0,Happiness,1
752,24,Female,Twitter,75.0,3.0,33.0,18.0,19.0,Anger,0
753,29,Non-binary,Facebook,85.0,2.0,27.0,9.0,20.0,Neutral,0
754,33,Female,Instagram,145.0,4.0,65.0,23.0,35.0,Sadness,1
755,31,Male,LinkedIn,60.0,1.0,15.0,7.0,17.0,Anxiety,0
756,22,Female,Whatsapp,70.0,2.0,42.0,10.0,21.0,Anxiety,0
757,25,Male,Telegram,90.0,3.0,22.0,11.0,22.0,Boredom,0
758,29,Non-binary,Snapchat,50.0,2.0,18.0,7.0,18.0,Sadness,0
759,28,Female,Twitter,95.0,4.0,48.0,22.0,25.0,Happiness,0
760,27,Male,Facebook,60.0,1.0,12.0,5.0,15.0,Boredom,0
761,30,Female,Instagram,175.0,6.0,72.0,30.0,33.0,Happiness,1
762,23,Male,Whatsapp,70.0,3.0,22.0,10.0,18.0,Anger,0
763,34,Non-binary,Telegram,80.0,2.0,21.0,8.0,20.0,Neutral,0
764,26,Female,Snapchat,120.0,4.0,55.0,18.0,30.0,Anxiety,0
765,25,Male,Twitter,90.0,6.0,42.0,14.0,26.0,Sadness,0
766,29,Non-binary,Facebook,60.0,1.0,12.0,4.0,12.0,Boredom,0
767,28,Male,Instagram,165.0,5.0,78.0,23.0,35.0,Happiness,1
768,31,Female,Whatsapp,65.0,2.0,27.0,10.0,20.0,Neutral,0
769,27,Male,Telegram,105.0,3.0,48.0,20.0,28.0,Anxiety,0
770,22,Non-binary,Snapchat,75.0,2.0,21.0,8.0,20.0,Sadness,0
771,24,Female,Instagram,140.0,4.0,65.0,22.0,30.0,Happiness,1
772,35,Male,Twitter,70.0,1.0,13.0,8.0,10.0,Boredom,0
773,21,Non-binary,Facebook,55.0,3.0,17.0,7.0,12.0,Neutral,0
774,29,Female,Whatsapp,90.0,2.0,24.0,12.0,22.0,Anger,0
775,25,Male,Telegram,80.0,4.0,30.0,13.0,25.0,Neutral,0
776,28,Non-binary,Snapchat,115.0,3.0,38.0,18.0,27.0,Anxiety,0
777,32,Female,Instagram,155.0,6.0,75.0,25.0,38.0,Happiness,1
778,26,Male,Twitter,75.0,2.0,23.0,12.0,18.0,Sadness,0
779,33,Non-binary,Facebook,65.0,1.0,13.0,7.0,14.0,Anxiety,0
780,27,Female,Whatsapp,90.0,4.0,37.0,18.0,20.0,Neutral,0
781,31,Male,Telegram,50.0,2.0,20.0,10.0,12.0,Sadness,0
782,24,Non-binary,Snapchat,85.0,3.0,33.0,20.0,18.0,Happiness,0
783,34,Female,Instagram,120.0,5.0,60.0,25.0,25.0,Anger,0
784,22,Male,Twitter,70.0,1.0,22.0,7.0,22.0,Neutral,0
785,29,Non-binary,Facebook,75.0,2.0,20.0,8.0,20.0,Boredom,0
786,28,Female,Whatsapp,100.0,4.0,37.0,14.0,26.0,Anxiety,0
787,31,Male,Telegram,85.0,3.0,45.0,20.0,28.0,Sadness,0
788,21,Non-binary,Snapchat,60.0,1.0,18.0,7.0,12.0,Neutral,0
789,25,Female,Instagram,170.0,6.0,83.0,30.0,33.0,Happiness,1
790,30,Male,Twitter,70.0,2.0,30.0,12.0,20.0,Anxiety,0
791,27,Non-binary,Facebook,50.0,1.0,10.0,4.0,10.0,Boredom,0
792,32,Female,Whatsapp,105.0,4.0,55.0,25.0,25.0,Anger,0
793,24,Male,Telegram,75.0,3.0,37.0,16.0,22.0,Neutral,0
794,29,Female,Snapchat,95.0,2.0,23.0,10.0,28.0,Sadness,0
795,26,Male,Instagram,150.0,5.0,70.0,25.0,30.0,Anxiety,1
796,33,Non-binary,Twitter,85.0,4.0,35.0,18.0,18.0,Boredom,0
797,22,Female,Facebook,70.0,1.0,14.0,6.0,10.0,Neutral,0
798,35,Male,Whatsapp,110.0,3.0,50.0,25.0,25.0,Happiness,0
799,28,Non-binary,Telegram,60.0,2.0,18.0,8.0,18.0,Anger,0
800,27,Female,Snapchat,120.0,4.0,40.0,18.0,22.0,Neutral,0
801,25,Female,Instagram,120.0,5.0,50.0,20.0,25.0,Happiness,0
802,30,Male,Twitter,90.0,4.0,30.0,20.0,22.0,Anger,0
803,22,Non-binary,Facebook,60.0,2.0,20.0,10.0,15.0,Neutral,0
804,28,Female,Instagram,200.0,8.0,110.0,40.0,45.0,Anxiety,1
805,33,Male,LinkedIn,45.0,1.0,10.0,5.0,12.0,Boredom,0
806,21,Male,Instagram,150.0,5.0,65.0,25.0,30.0,Happiness,1
807,27,Female,Twitter,85.0,3.0,40.0,18.0,20.0,Anger,0
808,24,Non-binary,Facebook,110.0,6.0,35.0,16.0,25.0,Sadness,0
809,29,Female,LinkedIn,55.0,2.0,15.0,5.0,10.0,Neutral,0
810,31,Male,Instagram,170.0,7.0,90.0,35.0,40.0,Happiness,1
811,23,Female,Twitter,75.0,4.0,45.0,20.0,25.0,Anxiety,0
812,26,Non-binary,Facebook,95.0,3.0,30.0,14.0,18.0,Sadness,0
813,34,Male,LinkedIn,65.0,1.0,14.0,6.0,15.0,Boredom,0
814,22,Female,Instagram,180.0,8.0,100.0,38.0,45.0,Happiness,1
815,28,Male,Twitter,100.0,6.0,50.0,30.0,29.0,Anger,0
816,21,Non-binary,Facebook,40.0,1.0,10.0,4.0,12.0,Neutral,0
817,35,Female,Instagram,125.0,5.0,65.0,22.0,28.0,Anxiety,1
818,27,Male,Twitter,90.0,3.0,40.0,16.0,24.0,Sadness,0
819,23,Non-binary,LinkedIn,50.0,1.0,12.0,6.0,12.0,Neutral,0
820,32,Female,Instagram,140.0,6.0,75.0,28.0,30.0,Happiness,1
821,26,Male,Facebook,75.0,2.0,30.0,14.0,20.0,Anxiety,0
822,24,Female,Twitter,105.0,4.0,35.0,20.0,23.0,Anger,0
823,29,Male,LinkedIn,60.0,2.0,17.0,8.0,15.0,Boredom,0
824,33,Non-binary,Instagram,190.0,8.0,105.0,36.0,50.0,Happiness,1
825,22,Female,Twitter,70.0,3.0,25.0,16.0,15.0,Sadness,0
826,31,Male,Facebook,80.0,2.0,20.0,10.0,20.0,Neutral,0
827,27,Non-binary,LinkedIn,55.0,1.0,12.0,5.0,11.0,Anxiety,0
828,25,Female,Instagram,160.0,6.0,85.0,26.0,30.0,Happiness,1
829,30,Male,Twitter,90.0,4.0,43.0,19.0,24.0,Anger,0
830,26,Non-binary,Facebook,45.0,1.0,8.0,4.0,12.0,Sadness,0
831,34,Female,LinkedIn,65.0,2.0,17.0,5.0,14.0,Boredom,0
832,28,Male,Instagram,145.0,7.0,80.0,30.0,35.0,Happiness,1
833,23,Non-binary,Twitter,70.0,3.0,30.0,14.0,18.0,Neutral,0
834,21,Female,Instagram,130.0,6.0,95.0,22.0,28.0,Sadness,1
835,29,Male,Facebook,65.0,2.0,27.0,11.0,22.0,Anxiety,0
836,24,Non-binary,LinkedIn,55.0,1.0,11.0,6.0,11.0,Boredom,0
837,33,Female,Instagram,170.0,7.0,95.0,30.0,38.0,Happiness,1
838,27,Male,Twitter,85.0,4.0,45.0,18.0,24.0,Anger,0
839,22,Female,Instagram,115.0,3.0,60.0,17.0,30.0,Neutral,0
840,28,Non-binary,Facebook,100.0,2.0,22.0,12.0,25.0,Anxiety,0
841,31,Male,LinkedIn,45.0,1.0,9.0,4.0,10.0,Sadness,0
842,25,Female,Instagram,150.0,6.0,90.0,26.0,30.0,Happiness,1
843,29,Male,Twitter,95.0,4.0,50.0,22.0,22.0,Anger,0
844,23,Non-binary,Facebook,105.0,2.0,25.0,12.0,18.0,Neutral,0
845,35,Female,LinkedIn,60.0,1.0,15.0,7.0,14.0,Boredom,0
846,30,Male,Instagram,175.0,7.0,100.0,33.0,38.0,Happiness,1
847,21,Female,Twitter,90.0,3.0,37.0,14.0,20.0,Sadness,0
848,26,Non-binary,Facebook,75.0,2.0,30.0,12.0,18.0,Anxiety,0
849,32,Male,Instagram,130.0,5.0,80.0,28.0,31.0,Neutral,1
850,28,Female,LinkedIn,55.0,1.0,12.0,6.0,10.0,Boredom,0
851,27,Male,Instagram,165.0,6.0,85.0,30.0,28.0,Happiness,1
852,24,Female,Twitter,75.0,3.0,33.0,18.0,19.0,Anger,0
853,29,Non-binary,Facebook,85.0,2.0,27.0,9.0,20.0,Neutral,0
854,33,Female,Instagram,145.0,4.0,65.0,23.0,35.0,Sadness,1
855,31,Male,LinkedIn,60.0,1.0,15.0,7.0,17.0,Anxiety,0
856,22,Female,Whatsapp,70.0,2.0,42.0,10.0,21.0,Anxiety,0
857,25,Male,Telegram,90.0,3.0,22.0,11.0,22.0,Boredom,0
858,29,Non-binary,Snapchat,50.0,2.0,18.0,7.0,18.0,Sadness,0
859,28,Female,Twitter,95.0,4.0,48.0,22.0,25.0,Happiness,0
860,27,Male,Facebook,60.0,1.0,12.0,5.0,15.0,Boredom,0
861,30,Female,Instagram,175.0,6.0,72.0,30.0,33.0,Happiness,1
862,23,Male,Whatsapp,70.0,3.0,22.0,10.0,18.0,Anger,0
863,34,Non-binary,Telegram,80.0,2.0,21.0,8.0,20.0,Neutral,0
864,26,Female,Snapchat,120.0,4.0,55.0,18.0,30.0,Anxiety,0
865,25,Male,Twitter,90.0,6.0,42.0,14.0,26.0,Sadness,0
866,29,Non-binary,Facebook,60.0,1.0,12.0,4.0,12.0,Boredom,0
867,28,Male,Instagram,165.0,5.0,78.0,23.0,35.0,Happiness,1
868,31,Female,Whatsapp,65.0,2.0,27.0,10.0,20.0,Neutral,0
869,27,Male,Telegram,105.0,3.0,48.0,20.0,28.0,Anxiety,0
870,22,Non-binary,Snapchat,75.0,2.0,21.0,8.0,20.0,Sadness,0
871,24,Female,Instagram,140.0,4.0,65.0,22.0,30.0,Happiness,1
872,35,Male,Twitter,70.0,1.0,13.0,8.0,10.0,Boredom,0
873,21,Non-binary,Facebook,55.0,3.0,17.0,7.0,12.0,Neutral,0
874,29,Female,Whatsapp,90.0,2.0,24.0,12.0,22.0,Anger,0
875,25,Male,Telegram,80.0,4.0,30.0,13.0,25.0,Neutral,0
876,28,Non-binary,Snapchat,115.0,3.0,38.0,18.0,27.0,Anxiety,0
877,32,Female,Instagram,155.0,6.0,75.0,25.0,38.0,Happiness,1
878,26,Male,Twitter,75.0,2.0,23.0,12.0,18.0,Sadness,0
879,33,Non-binary,Facebook,65.0,1.0,13.0,7.0,14.0,Anxiety,0
880,27,Female,Whatsapp,90.0,4.0,37.0,18.0,20.0,Neutral,0
881,31,Male,Telegram,50.0,2.0,20.0,10.0,12.0,Sadness,0
882,24,Non-binary,Snapchat,85.0,3.0,33.0,20.0,18.0,Happiness,0
883,34,Female,Instagram,120.0,5.0,60.0,25.0,25.0,Anger,0
884,22,Male,Twitter,70.0,1.0,22.0,7.0,22.0,Neutral,0
885,29,Non-binary,Facebook,75.0,2.0,20.0,8.0,20.0,Boredom,0
886,28,Female,Whatsapp,100.0,4.0,37.0,14.0,26.0,Anxiety,0
887,31,Male,Telegram,85.0,3.0,45.0,20.0,28.0,Sadness,0
888,21,Non-binary,Snapchat,60.0,1.0,18.0,7.0,12.0,Neutral,0
889,25,Female,Instagram,170.0,6.0,83.0,30.0,33.0,Happiness,1
890,30,Male,Twitter,70.0,2.0,30.0,12.0,20.0,Anxiety,0
891,27,Non-binary,Facebook,50.0,1.0,10.0,4.0,10.0,Boredom,0
892,32,Female,Whatsapp,105.0,4.0,55.0,25.0,25.0,Anger,0
893,24,Male,Telegram,75.0,3.0,37.0,16.0,22.0,Neutral,0
894,29,Female,Snapchat,95.0,2.0,23.0,10.0,28.0,Sadness,0
895,26,Male,Instagram,150.0,5.0,70.0,25.0,30.0,Anxiety,1
896,33,Non-binary,Twitter,85.0,4.0,35.0,18.0,18.0,Boredom,0
897,22,Female,Facebook,70.0,1.0,14.0,6.0,10.0,Neutral,0
898,35,Male,Whatsapp,110.0,3.0,50.0,25.0,25.0,Happiness,0
899,28,Non-binary,Telegram,60.0,2.0,18.0,8.0,18.0,Anger,0
900,27,Female,Snapchat,120.0,4.0,40.0,18.0,22.0,Neutral,0
901,25,Female,Instagram,120.0,5.0,50.0,20.0,25.0,Happiness,0
902,30,Male,Twitter,90.0,4.0,30.0,20.0,22.0,Anger,0
903,22,Non-binary,Facebook,60.0,2.0,20.0,10.0,15.0,Neutral,0
904,28,Female,Instagram,200.0,8.0,110.0,40.0,45.0,Anxiety,1
905,33,Male,LinkedIn,45.0,1.0,10.0,5.0,12.0,Boredom,0
906,21,Male,Instagram,150.0,5.0,65.0,25.0,30.0,Happiness,1
907,27,Female,Twitter,85.0,3.0,40.0,18.0,20.0,Anger,0
908,24,Non-binary,Facebook,110.0,6.0,35.0,16.0,25.0,Sadness,0
909,29,Female,LinkedIn,55.0,2.0,15.0,5.0,10.0,Neutral,0
910,31,Male,Instagram,170.0,7.0,90.0,35.0,40.0,Happiness,1
911,23,Female,Twitter,75.0,4.0,45.0,20.0,25.0,Anxiety,0
912,26,Non-binary,Facebook,95.0,3.0,30.0,14.0,18.0,Sadness,0
913,34,Male,LinkedIn,65.0,1.0,14.0,6.0,15.0,Boredom,0
914,22,Female,Instagram,180.0,8.0,100.0,38.0,45.0,Happiness,1
915,28,Male,Twitter,100.0,6.0,50.0,30.0,29.0,Anger,0
916,21,Non-binary,Facebook,40.0,1.0,10.0,4.0,12.0,Neutral,0
917,35,Female,Instagram,125.0,5.0,65.0,22.0,28.0,Anxiety,1
918,27,Male,Twitter,90.0,3.0,40.0,16.0,24.0,Sadness,0
919,23,Non-binary,LinkedIn,50.0,1.0,12.0,6.0,12.0,Neutral,0
920,32,Female,Instagram,140.0,6.0,75.0,28.0,30.0,Happiness,1
921,26,Male,Facebook,75.0,2.0,30.0,14.0,20.0,Anxiety,0
922,24,Female,Twitter,105.0,4.0,35.0,20.0,23.0,Anger,0
923,29,Male,LinkedIn,60.0,2.0,17.0,8.0,15.0,Boredom,0
924,33,Non-binary,Instagram,190.0,8.0,105.0,36.0,50.0,Happiness,1
925,22,Female,Twitter,70.0,3.0,25.0,16.0,15.0,Sadness,0
926,31,Male,Facebook,80.0,2.0,20.0,10.0,20.0,Neutral,0
927,27,Non-binary,LinkedIn,55.0,1.0,12.0,5.0,11.0,Anxiety,0
928,25,Female,Instagram,160.0,6.0,85.0,26.0,30.0,Happiness,1
929,30,Male,Twitter,90.0,4.0,43.0,19.0,24.0,Anger,0
930,26,Non-binary,Facebook,45.0,1.0,8.0,4.0,12.0,Sadness,0
931,34,Female,LinkedIn,65.0,2.0,17.0,5.0,14.0,Boredom,0
932,28,Male,Instagram,145.0,7.0,80.0,30.0,35.0,Happiness,1
933,23,Non-binary,Twitter,70.0,3.0,30.0,14.0,18.0,Neutral,0
934,21,Female,Instagram,130.0,6.0,95.0,22.0,28.0,Sadness,1
935,29,Male,Facebook,65.0,2.0,27.0,11.0,22.0,Anxiety,0
936,24,Non-binary,LinkedIn,55.0,1.0,11.0,6.0,11.0,Boredom,0
937,33,Female,Instagram,170.0,7.0,95.0,30.0,38.0,Happiness,1
938,27,Male,Twitter,85.0,4.0,45.0,18.0,24.0,Anger,0
939,22,Female,Instagram,115.0,3.0,60.0,17.0,30.0,Neutral,0
940,28,Non-binary,Facebook,100.0,2.0,22.0,12.0,25.0,Anxiety,0
941,31,Male,LinkedIn,45.0,1.0,9.0,4.0,10.0,Sadness,0
942,25,Female,Instagram,150.0,6.0,90.0,26.0,30.0,Happiness,1
943,29,Male,Twitter,95.0,4.0,50.0,22.0,22.0,Anger,0
944,23,Non-binary,Facebook,105.0,2.0,25.0,12.0,18.0,Neutral,0
945,35,Female,LinkedIn,60.0,1.0,15.0,7.0,14.0,Boredom,0
946,30,Male,Instagram,175.0,7.0,100.0,33.0,38.0,Happiness,1
947,21,Female,Twitter,90.0,3.0,37.0,14.0,20.0,Sadness,0
948,26,Non-binary,Facebook,75.0,2.0,30.0,12.0,18.0,Anxiety,0
949,32,Male,Instagram,130.0,5.0,80.0,28.0,31.0,Neutral,1
950,28,Female,LinkedIn,55.0,1.0,12.0,6.0,10.0,Boredom,0
951,27,Male,Instagram,165.0,6.0,85.0,30.0,28.0,Happiness,1
952,24,Female,Twitter,75.0,3.0,33.0,18.0,19.0,Anger,0
953,29,Non-binary,Facebook,85.0,2.0,27.0,9.0,20.0,Neutral,0
954,33,Female,Instagram,145.0,4.0,65.0,23.0,35.0,Sadness,1
955,31,Male,LinkedIn,60.0,1.0,15.0,7.0,17.0,Anxiety,0
956,22,Female,Whatsapp,70.0,2.0,42.0,10.0,21.0,Anxiety,0
957,25,Male,Telegram,90.0,3.0,22.0,11.0,22.0,Boredom,0
958,29,Non-binary,Snapchat,50.0,2.0,18.0,7.0,18.0,Sadness,0
959,28,Female,Twitter,95.0,4.0,48.0,22.0,25.0,Happiness,0
960,27,Male,Facebook,60.0,1.0,12.0,5.0,15.0,Boredom,0
961,30,Female,Instagram,175.0,6.0,72.0,30.0,33.0,Happiness,1
962,23,Male,Whatsapp,70.0,3.0,22.0,10.0,18.0,Anger,0
963,34,Non-binary,Telegram,80.0,2.0,21.0,8.0,20.0,Neutral,0
964,26,Female,Snapchat,120.0,4.0,55.0,18.0,30.0,Anxiety,0
965,25,Male,Twitter,90.0,6.0,42.0,14.0,26.0,Sadness,0
966,29,Non-binary,Facebook,60.0,1.0,12.0,4.0,12.0,Boredom,0
967,28,Male,Instagram,165.0,5.0,78.0,23.0,35.0,Happiness,1
968,31,Female,Whatsapp,65.0,2.0,27.0,10.0,20.0,Neutral,0
969,27,Male,Telegram,105.0,3.0,48.0,20.0,28.0,Anxiety,0
970,22,Non-binary,Snapchat,75.0,2.0,21.0,8.0,20.0,Sadness,0
971,24,Female,Instagram,140.0,4.0,65.0,22.0,30.0,Happiness,1
972,35,Male,Twitter,70.0,1.0,13.0,8.0,10.0,Boredom,0
973,21,Non-binary,Facebook,55.0,3.0,17.0,7.0,12.0,Neutral,0
974,29,Female,Whatsapp,90.0,2.0,24.0,12.0,22.0,Anger,0
975,25,Male,Telegram,80.0,4.0,30.0,13.0,25.0,Neutral,0
976,28,Non-binary,Snapchat,115.0,3.0,38.0,18.0,27.0,Anxiety,0
977,32,Female,Instagram,155.0,6.0,75.0,25.0,38.0,Happiness,1
978,26,Male,Twitter,75.0,2.0,23.0,12.0,18.0,Sadness,0
979,33,Non-binary,Facebook,65.0,1.0,13.0,7.0,14.0,Anxiety,0
980,27,Female,Whatsapp,90.0,4.0,37.0,18.0,20.0,Neutral,0
981,31,Male,Telegram,50.0,2.0,20.0,10.0,12.0,Sadness,0
982,24,Non-binary,Snapchat,85.0,3.0,33.0,20.0,18.0,Happiness,0
983,34,Female,Instagram,120.0,5.0,60.0,25.0,25.0,Anger,0
984,22,Male,Twitter,70.0,1.0,22.0,7.0,22.0,Neutral,0
985,29,Non-binary,Facebook,75.0,2.0,20.0,8.0,20.0,Boredom,0
986,28,Female,Whatsapp,100.0,4.0,37.0,14.0,26.0,Anxiety,0
987,31,Male,Telegram,85.0,3.0,45.0,20.0,28.0,Sadness,0
988,21,Non-binary,Snapchat,60.0,1.0,18.0,7.0,12.0,Neutral,0
989,25,Female,Instagram,170.0,6.0,83.0,30.0,33.0,Happiness,1
990,30,Male,Twitter,70.0,2.0,30.0,12.0,20.0,Anxiety,0
991,27,Non-binary,Facebook,50.0,1.0,10.0,4.0,10.0,Boredom,0
992,32,Female,Whatsapp,105.0,4.0,55.0,25.0,25.0,Anger,0
993,24,Male,Telegram,75.0,3.0,37.0,16.0,22.0,Neutral,0
994,29,Female,Snapchat,95.0,2.0,23.0,10.0,28.0,Sadness,0
995,26,Male,Instagram,150.0,5.0,70.0,25.0,30.0,Anxiety,1
996,33,Non-binary,Twitter,85.0,4.0,35.0,18.0,18.0,Boredom,0
997,22,Female,Facebook,70.0,1.0,14.0,6.0,10.0,Neutral,0
998,35,Male,Whatsapp,110.0,3.0,50.0,25.0,25.0,Happiness,0
999,28,Non-binary,Telegram,60.0,2.0,18.0,8.0,18.0,Anger,0
1000,27,Female,Snapchat,120.0,4.0,40.0,18.0,22.0,Neutral,0
